{
    "memory": [
        6805053440,
        6852780032,
        6851944448,
        6893916160,
        6867505152,
        6882508800,
        6882820096,
        6862942208,
        6884102144,
        6871314432,
        6890405888,
        6886473728,
        6883303424,
        6865108992,
        6871883776,
        6892646400,
        6885728256,
        6902013952,
        6867767296,
        6896410624,
        6862741504,
        6866808832,
        6867410944,
        6895607808,
        6865965056,
        6850310144,
        6882402304,
        6860181504,
        6876459008,
        6873169920,
        6854651904,
        6892118016,
        6888611840,
        6878990336,
        6868676608,
        6886428672,
        6885535744,
        6863761408,
        6897029120,
        6894395392
    ],
    "train_accuracy": [
        7.650857142857143,
        17.798285714285715,
        24.096857142857143,
        28.320857142857143,
        31.981428571428573,
        34.716857142857144,
        37.30285714285714,
        38.60142857142857,
        41.00971428571429,
        41.939142857142855,
        44.34571428571429,
        46.97257142857143,
        47.596,
        50.42028571428571,
        51.17142857142857,
        52.607142857142854,
        57.348571428571425,
        59.863142857142854,
        60.738,
        62.11114285714286,
        61.91542857142857,
        61.65457142857143,
        61.94285714285714,
        62.767714285714284,
        63.51228571428572,
        64.73171428571429,
        62.36685714285714,
        63.24342857142857,
        63.82514285714286,
        62.516285714285715,
        63.91342857142857,
        64.97514285714286,
        64.07485714285714,
        63.10257142857143,
        63.26714285714286,
        64.83457142857142,
        65.84542857142857,
        64.08114285714285,
        63.331428571428575,
        63.39028571428572
    ],
    "val_accuracy": [
        20.56,
        36.52,
        43.32,
        43.24,
        49.86,
        51.74,
        54.64,
        54.94,
        55.34,
        56.38,
        55.38,
        54.72,
        55.33,
        56.65,
        54.09,
        54.51,
        57.68,
        57.14,
        56.82,
        56.9,
        56.72,
        56.64,
        56.52,
        56.48,
        56.56,
        56.48,
        56.64,
        56.6,
        56.49,
        56.58,
        56.5,
        56.67,
        56.66,
        56.74,
        56.46,
        56.66,
        56.5,
        56.58,
        56.71,
        56.59
    ],
    "val_loss": [
        68.91278028488159,
        56.82663059234619,
        52.34234666824341,
        52.77886176109314,
        49.303640842437744,
        47.76017737388611,
        46.60016226768494,
        45.34555268287659,
        45.457186460494995,
        44.575764656066895,
        45.148996353149414,
        45.47330832481384,
        45.07084345817566,
        44.599119663238525,
        45.84359836578369,
        45.698389291763306,
        43.820317029953,
        44.5251579284668,
        44.44240212440491,
        44.8006534576416,
        44.721975326538086,
        44.77285170555115,
        44.89460253715515,
        44.90561056137085,
        44.8901743888855,
        44.88444972038269,
        45.057358264923096,
        44.98711538314819,
        45.2889039516449,
        45.132488489151,
        45.00678086280823,
        44.94537043571472,
        44.9114933013916,
        45.01709294319153,
        45.105289459228516,
        44.928003549575806,
        45.15869641304016,
        45.03718948364258,
        45.09186863899231,
        45.02113890647888
    ],
    "timestamp": [
        1735936577.162548,
        1735936647.7127218,
        1735936718.1569107,
        1735936788.5617552,
        1735936859.1101751,
        1735936929.7409472,
        1735937000.4096482,
        1735937071.086026,
        1735937141.626191,
        1735937212.1713896,
        1735937282.613317,
        1735937353.1197379,
        1735937423.7911391,
        1735937494.3355365,
        1735937564.7675757,
        1735937635.2915466,
        1735937706.206356,
        1735937777.1299841,
        1735937848.1182544,
        1735937919.059543,
        1735937990.113064,
        1735938061.1925063,
        1735938132.2108731,
        1735938203.281091,
        1735938274.3335524,
        1735938345.533292,
        1735938416.6757934,
        1735938487.8304286,
        1735938558.9649434,
        1735938630.1210747,
        1735938701.1715121,
        1735938772.2374876,
        1735938843.4871795,
        1735938914.6884918,
        1735938985.8843222,
        1735939057.1399775,
        1735939128.3402948,
        1735939199.560201,
        1735939270.7403057,
        1735939341.9344509
    ]
}