{
    "memory": [
        8002871296,
        8004882432,
        8037785600,
        8054517760,
        8054452224,
        8021671936,
        8026828800,
        8009633792,
        8012406784,
        8012406784,
        8032731136,
        8033505280,
        8036085760,
        8036044800,
        8015507456,
        8019570688,
        8025251840,
        8030121984,
        8031895552,
        8036540416,
        8014557184,
        8014815232,
        8015327232,
        8021471232,
        8026632192,
        8045690880,
        8045690880,
        8035315712,
        8013205504,
        7995019264,
        8000933888,
        8003772416,
        8004493312,
        8014557184,
        8015847424,
        8029515776,
        8029487104,
        8033865728,
        7992020992,
        7996354560
    ],
    "train_accuracy": [
        2.176,
        4.548,
        6.056,
        7.412,
        8.492,
        9.486,
        10.302,
        10.958,
        11.584,
        12.436,
        12.91,
        13.672,
        14.322,
        14.8,
        15.488,
        16.06,
        16.702,
        17.254,
        17.774,
        18.358,
        19.032,
        19.48,
        20.164,
        20.464,
        21.166,
        21.812,
        22.042,
        22.602,
        23.322,
        23.77,
        24.458,
        24.986,
        25.486,
        26.058,
        26.71,
        27.456,
        27.908,
        28.7,
        29.35,
        29.842
    ],
    "val_accuracy": [
        3.81,
        5.68,
        7.09,
        8.33,
        9.63,
        10.35,
        10.81,
        11.88,
        12.39,
        12.97,
        13.54,
        14.15,
        14.97,
        15.25,
        16.07,
        16.6,
        17.48,
        17.97,
        18.59,
        19.01,
        19.56,
        20.23,
        20.21,
        20.93,
        21.42,
        21.83,
        22.53,
        22.68,
        22.97,
        23.34,
        23.58,
        24.26,
        24.23,
        24.7,
        25.24,
        25.27,
        25.73,
        25.74,
        25.84,
        26.06
    ],
    "val_loss": [
        91.13076162338257,
        89.52900552749634,
        87.84636974334717,
        86.27616596221924,
        84.68187713623047,
        83.02612781524658,
        81.60892581939697,
        80.2723982334137,
        79.11309742927551,
        78.1017553806305,
        77.13130521774292,
        76.02250170707703,
        75.10909748077393,
        74.08873295783997,
        73.4415180683136,
        72.66415023803711,
        71.8745985031128,
        71.1840991973877,
        70.38168001174927,
        69.79667687416077,
        69.27104830741882,
        68.69903826713562,
        68.19463849067688,
        67.69716238975525,
        67.17347860336304,
        66.80883169174194,
        66.33649945259094,
        65.88420248031616,
        65.56258392333984,
        65.14171528816223,
        64.74599385261536,
        64.44229912757874,
        64.18140387535095,
        63.78299117088318,
        63.416677951812744,
        63.30529761314392,
        63.003265619277954,
        62.78744864463806,
        62.82552409172058,
        62.45641040802002
    ],
    "timestamp": [
        1735939725.976963,
        1735939738.1321702,
        1735939750.553593,
        1735939762.8584852,
        1735939775.160163,
        1735939787.6303878,
        1735939799.8289938,
        1735939812.1485083,
        1735939824.7503724,
        1735939837.2156117,
        1735939849.7003856,
        1735939861.9502432,
        1735939874.1949546,
        1735939886.383988,
        1735939898.5032008,
        1735939910.8089793,
        1735939923.0698395,
        1735939935.3269315,
        1735939947.6547172,
        1735939960.1478148,
        1735939972.4125292,
        1735939984.693192,
        1735939997.1474385,
        1735940009.8266253,
        1735940022.1689744,
        1735940034.7006972,
        1735940047.0811253,
        1735940059.3510685,
        1735940071.6775372,
        1735940084.5674014,
        1735940097.0823445,
        1735940109.405799,
        1735940121.6473806,
        1735940133.9863636,
        1735940146.446245,
        1735940159.210501,
        1735940171.6721864,
        1735940184.0746403,
        1735940196.5458393,
        1735940209.0074089
    ]
}