{"epoch_loss":2.286521120449466,"batch":303,"accuracy":15.3,"epoch":0,"_timestamp":1.7305848190618064e+09,"_step":1086,"batch_loss":2.2864151000976562,"_runtime":198.1016591,"_wandb":{"runtime":198}}