{"batch":114,"epoch_loss":2.341533725828771,"_wandb":{"runtime":314},"accuracy":10.93,"epoch":1,"batch_loss":2.350773811340332,"_step":1680,"_timestamp":1.7305858555630286e+09,"_runtime":313.8442391}